{
    "banner": {
        "builder": true,
        "no_selection":true,
        "name": "Banner Section",
        "content": {
            "images":{
                "background_image":{
                    "size":"1920x1280"
                }
            },
            "heading": "text"
        }
    },
    "breadcrumb": {
        "builder": true,
        "no_selection":true,
        "name": "Breadcrumb Section",
        "content": {
            "images":{
                "background_image":{
                    "size":"1920x1440"
                }
            }
        }
    },
    "about": {
        "builder": true,
        "name": "About Us",
        "content": {
            "images":{
                "about_image":{
                    "size":"992x661"
                }
            },
            "heading": "text",
            "sub_heading": "text",
            "video_link" : "text"
        },
        "element": {
            "title": "text",
            "sub_title": "text",
            "about_icon": "icon",
            "modal": true
        }
    },
    "blood": {
        "builder": true,
        "name": "Blood Section",
        "content": {
            "images":{
                "background_image":{
                    "size":"1920x389"
                }
            },
            "heading": "text"
        }
    },
    "overview": {
        "builder": true,
        "name": "Overview Section",
        "content": {
            "images":{
                "background_image":{
                    "size":"1920x1282"
                }
            },
            "heading": "text"
        },
        "element": {
            "title": "text",
            "overview_icon": "icon",
            "modal": true
        }
    },
    "faq": {
        "builder": true,
        "name": "FAQ Section",
        "content": {
            "heading": "text",
            "sub_heading": "text"
        },
        "element": {
            "title": "text",
            "answer": "textarea",
            "modal": true
        }
    },
    "donor": {
        "builder": true,
        "name": "Top Donor",
        "content": {
            "images":{
                "background_image":{
                    "size":"1920x596"
                }
            },
            "heading": "text",
            "sub_heading": "text"
        }
    },

    "latest_donor": {
        "builder": true,
        "name": "Latest Donor",
        "content": {
            "images":{
                "background_image":{
                    "size":"1920x596"
                }
            },
            "heading": "text",
            "sub_heading": "text"
        }
    },

    "featured_donor": {
        "builder": true,
        "name": "Featured Donor",
        "content": {
            "images":{
                "background_image":{
                    "size":"1920x596"
                }
            },
            "heading": "text",
            "sub_heading": "text"
        }
    },

    "how_it_work": {
        "builder": true,
        "name": "How It Work",
        "content": {
            "images":{
                "background_image":{
                    "size":"1920x1440"
                }
            },
            "heading": "text"
        },
        "element": {
            "title": "text",
            "icon": "icon",
            "modal": true
        }
    },
    "policy_pages": {
        "builder": true,
        "no_selection":true,
        "name": "Policy Pages",
        "element": {
            "title": "text",
            "details": "textarea-nic",
            "modal": false
        }
    },
    "patner": {
        "builder": true,
        "name": "Patner Section",
        "content": {
            "heading": "text",
            "sub_heading": "text"
        },
        "element": {
            "images":{
                "background_image":{
                    "size":"255x241"
                }
            },
            "modal": true
        }
    },
    "testimonial": {
        "builder": true,
        "name": "Testimonial Section",
        "content": {
            "images":{
                "background_image":{
                    "size":"1920x1280"
                }
            },
            "heading": "text",
            "sub_heading": "text"
        },
        "element": {
            "name" : "text",
            "testimonial" : "textarea",
            "rating" : "text",
            "donor_count" : "text",
            "modal": true
        }
    },
    "blog": {
        "builder": true,
        "name": "Blog Section",
        "content": {
            "heading": "text",
            "sub_heading": "text"
        },
        "element": {
            "images":{
                "blog_image":{
                    "size":"728x465"
                }
            },
            "title": "text",
            "description_nic": "textarea-nic",
            "modal": false
        }
    }, 
    "social_icon": {
        "builder": true,
        "no_selection": true,
        "name": "Social Icons",
        "element": {
            "title": "text",
            "social_icon": "icon",
            "url": "text",
            "modal": true
        }
    },
    "contact_us": {
        "builder": true,
        "no_selection": true,
        "name": "Contact Us",
        "content": {
            "images":{
                "background_image":{
                    "size":"1920x389"
                }
            },
            "title": "text",
            "email_address": "text",
            "contact_details": "text",
            "contact_number": "text",
            "latitude": "text",
            "longitude": "text"
        }
    },
    "footer": {
        "builder": true,
        "no_selection": true,
        "name": "Footer Section",
        "content": {
            "images":{
                "background_image":{
                    "size":"1920x921"
                }
            },
            "title": "text",
            "btn_name": "text",
            "btn_url": "text",
            "first_count_digits": "text",
            "first_count_title": "text",
            "second_count_digits": "text",
            "second_count_title": "text"
        }
    }
}
